envolvidos; condutor;cod_severidade; desc_severidade; sexo; cinto_seguranca; Embreagues; Idade; nascimento; descricao_habilitacao;especie_veiculo; pedestre; passageiro
1;S;1;NAO FATAL;M;NÃO;NÃO;35;06/09/1984;VEICULOS MOTOR. COM ATE 8 PASSAGEIROS, PESO MAXIMO 3500 KG  ;BICICLETA                     ;N;N
2;S;3;NAO FATAL;F;SIM;SIM;42;11/03/1978;NAO INFORMADO                                               ;AUTOMOVEL                     ;N;N
3;N;3;NAO FATAL;M;SIM;NÃO;32;20/11/1987;                                                            ;AUTOMOVEL                     ;N;S
1;N;1;NAO FATAL;F;SIM;NÃO;72;29/06/1947;                                                            ;ONIBUS                        ;N;S
2;S;3;NAO FATAL;M;SIM;NÃO;55;13/03/1965;NAO INFORMADO                                               ;ONIBUS                        ;N;N
1;S;3;NAO FATAL;M;SIM;NÃO;29;16/06/1990;HABILITADO NAS CATEGORIAS A e E                             ;ONIBUS                        ;N;N
2;S;1;NAO FATAL;F;SIM;NÃO;33;08/01/1987;HABILITADO NAS CATEGORIAS A  e B                            ;AUTOMOVEL                     ;N;N
3;N;1;NAO FATAL;M;SIM;NÃO;39;07/03/1981;                                                            ;AUTOMOVEL                     ;N;S
1;S;3;NAO FATAL;M;SIM;NÃO;30;09/12/1989;VEIC. MOTOR. P/ TRANSP. DE CARGA, C/ PESO MAX. AUT. 3500 KG ;AUTOMOVEL                     ;N;N
2;S;1;NAO FATAL;M;SIM;NÃO;37;12/06/1982;NAO INFORMADO                                               ;MOTOCICLETA                   ;N;N
3;N;1;NAO FATAL;M;SIM;NÃO;40;18/01/1980;                                                            ;MOTOCICLETA                   ;N;S
1;S;1;NAO FATAL;M;SIM;NÃO;25;13/06/1994;HABILITADO NAS CATEGORIAS A  e B                            ;MOTOCICLETA                   ;N;N
2;S;3;NAO FATAL;M;SIM;NÃO;51;06/05/1968;VEIC. MOTOR. P/ TRANSP. DE PASSAG, C/ MAIS DE 8 PASSAGEIROS ;AUTOMOVEL                     ;N;N
1;S;3;NAO FATAL;M;SIM;NÃO;28;10/04/1991;HABILITADO NAS CATEGORIAS A  e B                            ;MOTOCICLETA                   ;N;N
2;S;1;NAO FATAL;M;SIM;NÃO;27;25/08/1992;VEÍCULO MOTORIZ. DE 2 OU 3 RODAS, C/ OU S/ CARRO LATERAL    ;MOTOCICLETA                   ;N;N
3;N;1;NAO FATAL;F;SIM;NÃO;30;05/07/1989;                                                            ;MOTOCICLETA                   ;N;S
1;S;1;NAO FATAL;M;SIM;SIM;28;05/01/1992;INABILITADO                                                 ;MOTOCICLETA                   ;N;N
2;S;3;NAO FATAL;M;SIM;NÃO;33;22/01/1987;HABILITADO NAS CATEGORIAS A  e B                            ;AUTOMOVEL                     ;N;N
1;S;1;NAO FATAL;M;SIM;NÃO;34;04/12/1985;HABILITADO NAS CATEGORIAS A  e B                            ;MOTOCICLETA                   ;N;N
2;S;3;NAO FATAL;M;SIM;NÃO;24;04/04/1995;HABILITADO NAS CATEGORIAS A  e B                            ;AUTOMOVEL                     ;N;N
3;N;3;NAO FATAL;F;SIM;NÃO;32;29/06/1987;                                                            ;AUTOMOVEL                     ;N;S
1;S;1;NAO FATAL;M;SIM;NÃO;24;29/08/1995;HABILITADO NAS CATEGORIAS A  e B                            ;MOTOCICLETA                   ;N;N
2;S;3;NAO FATAL;F;SIM;NÃO;25;13/03/1995;VEICULOS MOTOR. COM ATE 8 PASSAGEIROS, PESO MAXIMO 3500 KG  ;AUTOMOVEL                     ;N;N
1;S;1;NAO FATAL;M;SIM;NÃO;21;25/09/1998;HABILITADO NAS CATEGORIAS A  e B                            ;MOTOCICLETA                   ;N;N
2;S;3;NAO FATAL;M;SIM;NÃO;36;16/03/1984;VEICULOS MOTOR. COM ATE 8 PASSAGEIROS, PESO MAXIMO 3500 KG  ;CAMIONETA                     ;N;N
1;S;1;NAO FATAL;M;SIM;NÃO;40;28/08/1979;VEÍCULO MOTORIZ. DE 2 OU 3 RODAS, C/ OU S/ CARRO LATERAL    ;MOTOCICLETA                   ;N;N
2;S;3;NAO FATAL;M;SIM;NÃO;27;11/07/1992;VEIC. MOTOR. P/ TRANSP. DE CARGA, C/ PESO MAX. AUT. 3500 KG ;AUTOMOVEL                     ;N;N
1;S;3;NAO FATAL;M;SIM;NÃO;41;30/03/1978;VEÍCULO MOTORIZ. DE 2 OU 3 RODAS, C/ OU S/ CARRO LATERAL    ;CAMINHONETE                   ;N;N
2;S;1;NAO FATAL;M;SIM;NÃO;22;09/12/1997;VEICULOS MOTOR. COM ATE 8 PASSAGEIROS, PESO MAXIMO 3500 KG  ;MOTOCICLETA                   ;N;N
2;S;1;NAO FATAL;M;SIM;NÃO;44;04/11/1975;HABILITADO NAS CATEGORIAS A  e B                            ;MOTOCICLETA                   ;N;N
1;S;1;NAO FATAL;M;SIM;NÃO;37;09/03/1983;VEÍCULO MOTORIZ. DE 2 OU 3 RODAS, C/ OU S/ CARRO LATERAL    ;MOTOCICLETA                   ;N;N
1;S;1;NAO FATAL;M;SIM;NÃO;40;12/08/1979;NAO INFORMADO                                               ;MOTOCICLETA                   ;N;N
2;S;1;NAO FATAL;F;SIM;NÃO;44;07/11/1975;NAO INFORMADO                                               ;AUTOMOVEL                     ;N;N
3;S;2;FATAL;M;SIM;NÃO;42;21/09/1977;VEICULOS MOTOR. COM ATE 8 PASSAGEIROS, PESO MAXIMO 3500 KG  ;AUTOMOVEL                     ;N;N
4;S;3;NAO FATAL;M;SIM;NÃO;29;29/08/1990;VEICULOS MOTOR. COM ATE 8 PASSAGEIROS, PESO MAXIMO 3500 KG  ;CAMINHONETE                   ;N;N
5;S;3;NAO FATAL;M;SIM;NÃO;36;20/11/1983;HABILITADO NAS CATEGORIAS A  e B                            ;NAO INFORMADO                 ;N;N
6;N;1;NAO FATAL;M;NÃO;NÃO;44;08/07/1975;                                                            ;AUTOMOVEL                     ;N;S
7;S;1;NAO FATAL;M;SIM;NÃO;40;25/04/1979;NAO INFORMADO                                               ;AUTOMOVEL                     ;N;N
8;S;1;NAO FATAL;M;SIM;NÃO;32;06/11/1987;NAO INFORMADO                                               ;CAMIONETA                     ;N;N
9;N;2;FATAL          ;M;SIM;NÃO;36;03/08/1983;                                                            ;AUTOMOVEL                     ;N;S
11;S;1;NAO FATAL;M;SIM;NÃO;25;14/07/1994;VEIC. MOTOR. P/ TRANSP. DE PASSAG, C/ MAIS DE 8 PASSAGEIROS ;CAMINHAO                      ;N;N
12;S;3;NAO FATAL;M;SIM;NÃO;30;01/11/1989;VEICULOS MOTOR. COM ATE 8 PASSAGEIROS, PESO MAXIMO 3500 KG  ;CAMINHONETE                   ;N;N
13;N;2;FATAL          ;M;SIM;NÃO;32;19/03/1988;                                                            ;AUTOMOVEL                     ;N;S
14;S;3;NAO FATAL;M;SIM;NÃO;30;17/10/1989;HABILITADO NAS CATEGORIAS A e D                             ;CAMINHAO                      ;N;N
15;S;3;NAO FATAL;F;SIM;NÃO;28;04/02/1992;HABILITADO NAS CATEGORIAS A e D                             ;AUTOMOVEL                     ;N;N
16;S;3;NAO FATAL;M;SIM;NÃO;37;04/02/1983;HABILITADO NAS CATEGORIAS A  e B                            ;AUTOMOVEL                     ;N;N
17;S;3;NAO FATAL;M;SIM;NÃO;39;05/11/1980;HABILITADO NAS CATEGORIAS A e D                             ;AUTOMOVEL                     ;N;N
18;N;1;NAO FATAL;M;NÃO;NÃO;25;23/06/1994;                                                            ;                              ;S;N
1;S;3;NAO FATAL;F;SIM;NÃO;27;10/07/1992;VEICULOS MOTOR. COM ATE 8 PASSAGEIROS, PESO MAXIMO 3500 KG  ;AUTOMOVEL                     ;N;N
2;N;1;NAO FATAL;M;NÃO;NÃO;31;00/00/0000;                                                            ;                              ;S;N
1;S;3;NAO FATAL;F;SIM;NÃO;33;02/07/1986;VEICULOS MOTOR. COM ATE 8 PASSAGEIROS, PESO MAXIMO 3500 KG  ;AUTOMOVEL                     ;N;N
2;S;1;NAO FATAL;M;SIM;NÃO;31;17/08/1988;HABILITADO NAS CATEGORIAS A  e B                            ;MOTOCICLETA                   ;N;N
1;S;1;NAO FATAL;M;SIM;NÃO;19;14/09/2000;NAO INFORMADO                                               ;MOTOCICLETA                   ;N;N
1;S;1;NAO FATAL;M;SIM;NÃO;27;01/09/1992;HABILITADO NAS CATEGORIAS A  e B                            ;MOTOCICLETA                   ;N;N
2;S;3;NAO FATAL;M;SIM;NÃO;34;09/02/1986;HABILITADO NAS CATEGORIAS A  e B                            ;AUTOMOVEL                     ;N;N
1;S;1;NAO FATAL;M;SIM;NÃO;20;05/06/1999;HABILITADO NAS CATEGORIAS A  e B                            ;MOTOCICLETA                   ;N;N
1;S;1;NAO FATAL;M;SIM;NÃO;33;22/06/1986;VEÍCULO MOTORIZ. DE 2 OU 3 RODAS, C/ OU S/ CARRO LATERAL    ;MOTOCICLETA                   ;N;N
2;S;3;NAO FATAL;M;SIM;NÃO;33;02/12/1986;HABILITADO NAS CATEGORIAS A  e B                            ;AUTOMOVEL                     ;N;N
1;S;3;NAO FATAL;M;SIM;NÃO;52;03/04/1967;HABILITADO NAS CATEGORIAS A  e B                            ;AUTOMOVEL                     ;N;N
2;S;1;NAO FATAL;M;SIM;NÃO;27;07/07/1992;HABILITADO NAS CATEGORIAS A  e B                            ;MOTOCICLETA                   ;N;N
3;N;1;NAO FATAL;F;SIM;NÃO;23;06/01/1997;                                                            ;MOTOCICLETA                   ;N;S
1;S;3;NAO FATAL;M;SIM;NÃO;34;03/12/1985;HABILITADO NAS CATEGORIAS A e D                             ;AUTOMOVEL                     ;N;N
2;S;1;NAO FATAL;M;SIM;NÃO;23;14/11/1996;VEÍCULO MOTORIZ. DE 2 OU 3 RODAS, C/ OU S/ CARRO LATERAL    ;MOTOCICLETA                   ;N;N
1;S;1;NAO FATAL;M;NÃO;NÃO;17;29/05/2002;NAO SE APLICA                                               ;BICICLETA                     ;N;N
3;S;3;NAO FATAL;M;SIM;NÃO;18;18/04/2001;NAO INFORMADO                                               ;AUTOMOVEL                     ;N;N
1;S;1;NAO FATAL;F;SIM;NÃO;27;22/12/1992;VEÍCULO MOTORIZ. DE 2 OU 3 RODAS, C/ OU S/ CARRO LATERAL    ;MOTOCICLETA                   ;N;N
2;S;3;NAO FATAL;M;SIM;NÃO;70;20/12/1949;HABILITADO NAS CATEGORIAS A  e B                            ;AUTOMOVEL                     ;N;N
1;S;1;NAO FATAL;M;SIM;NÃO;28;20/07/1991;HABILITADO NAS CATEGORIAS A  e B                            ;MOTOCICLETA                   ;N;N
2;S;3;NAO FATAL;M;SIM;NÃO;29;23/08/1990;VEICULOS MOTOR. COM ATE 8 PASSAGEIROS, PESO MAXIMO 3500 KG  ;AUTOMOVEL                     ;N;N
1;S;1;NAO FATAL;M;SIM;NÃO;21;12/11/1998;VEÍCULO MOTORIZ. DE 2 OU 3 RODAS, C/ OU S/ CARRO LATERAL    ;MOTOCICLETA                   ;N;N
1;S;1;NAO FATAL;M;SIM;NÃO;28;19/11/1991;HABILITADO NAS CATEGORIAS A  e B                            ;AUTOMOVEL                     ;N;N
1;S;1;NAO FATAL;M;SIM;NÃO;19;31/03/2000;VEÍCULO MOTORIZ. DE 2 OU 3 RODAS, C/ OU S/ CARRO LATERAL    ;MOTOCICLETA                   ;N;N
2;S;3;NAO FATAL;M;SIM;NÃO;63;16/12/1956;VEICULOS MOTOR. COM ATE 8 PASSAGEIROS, PESO MAXIMO 3500 KG  ;AUTOMOVEL                     ;N;N
1;S;3;NAO FATAL;M;SIM;NÃO;18;31/03/2001;VEICULOS MOTOR. COM ATE 8 PASSAGEIROS, PESO MAXIMO 3500 KG  ;AUTOMOVEL                     ;N;N
2;N;1;NAO FATAL;M;SIM;NÃO;24;17/06/1995;                                                            ;AUTOMOVEL                     ;N;S
3;N;3;NAO FATAL;M;SIM;NÃO;18;31/03/2001;                                                            ;AUTOMOVEL                     ;N;S
1;S;3;NAO FATAL;M;SIM;NÃO;23;04/06/1996;VEICULOS MOTOR. COM ATE 8 PASSAGEIROS, PESO MAXIMO 3500 KG  ;AUTOMOVEL                     ;N;N
2;S;1;NAO FATAL;M;SIM;NÃO;19;19/02/2001;HABILITADO NAS CATEGORIAS A  e B                            ;AUTOMOVEL                     ;N;N
1;S;1;NAO FATAL;M;SIM;NÃO;19;06/02/2001;VEÍCULO MOTORIZ. DE 2 OU 3 RODAS, C/ OU S/ CARRO LATERAL    ;MOTOCICLETA                   ;N;N
3;S;3;NAO FATAL;M;NÃO;NÃO;0;00/00/0000;NAO INFORMADO                                               ;AUTOMOVEL                     ;;
1;S;3;NAO FATAL;M;SIM;NÃO;48;18/05/1971;VEICULOS MOTOR. COM ATE 8 PASSAGEIROS, PESO MAXIMO 3500 KG  ;AUTOMOVEL                     ;N;N
2;S;1;NAO FATAL;M;SIM;NÃO;26;12/03/1994;VEICULOS MOTOR. COM ATE 8 PASSAGEIROS, PESO MAXIMO 3500 KG  ;AUTOMOVEL                     ;N;N
2;S;1;NAO FATAL;M;SIM;NÃO;19;14/12/2000;NAO INFORMADO                                               ;MOTOCICLETA                   ;N;N
1;S;3;NAO FATAL;M;NÃO;NÃO;38;13/07/1981;NAO SE APLICA                                               ;BICICLETA                     ;N;N
2;S;1;NAO FATAL;M;SIM;NÃO;45;26/04/1974;NAO INFORMADO                                               ;MOTOCICLETA                   ;N;N
1;N;1;NAO FATAL;F;NÃO;NÃO;46;28/08/1973;                                                            ;                              ;S;N
2;S;3;NAO FATAL;M;SIM;NÃO;22;26/09/1997;NAO INFORMADO                                               ;MOTOCICLETA                   ;N;N
1;S;3;NAO FATAL;M;SIM;NÃO;32;24/04/1987;NAO INFORMADO                                               ;MOTOCICLETA                   ;N;N
2;N;1;NAO FATAL;F;SIM;NÃO;27;05/10/1992;                                                            ;MOTOCICLETA                   ;N;S
3;S;3;NAO FATAL;M;SIM;NÃO;55;00/00/0000;NAO INFORMADO                                               ;AUTOMOVEL                     ;N;N
4;S;3;NAO FATAL;M;SIM;NÃO;45;19/11/1974;NAO INFORMADO                                               ;AUTOMOVEL                     ;N;N
1;S;1;NAO FATAL;F;SIM;NÃO;48;02/09/1971;NAO INFORMADO                                               ;AUTOMOVEL                     ;N;N
2;S;3;NAO FATAL;M;SIM;NÃO;47;19/03/1973;VEICULOS MOTOR. COM ATE 8 PASSAGEIROS, PESO MAXIMO 3500 KG  ;AUTOMOVEL                     ;N;N
3;S;3;NAO FATAL;F;SIM;NÃO;37;09/07/1982;VEICULOS MOTOR. COM ATE 8 PASSAGEIROS, PESO MAXIMO 3500 KG  ;AUTOMOVEL                     ;N;N
4;S;3;NAO FATAL;M;SIM;NÃO;51;22/07/1968;VEICULOS MOTOR. COM ATE 8 PASSAGEIROS, PESO MAXIMO 3500 KG  ;AUTOMOVEL                     ;N;N
1;S;1;NAO FATAL;M;SIM;NÃO;21;15/12/1998;HABILITADO NAS CATEGORIAS A  e B                            ;MOTOCICLETA                   ;N;N
1;S;3;NAO FATAL;F;SIM;NÃO;35;14/01/1985;VEICULOS MOTOR. COM ATE 8 PASSAGEIROS, PESO MAXIMO 3500 KG  ;AUTOMOVEL                     ;N;N
2;S;1;NAO FATAL;M;NÃO;NÃO;0;00/00/0000;NAO INFORMADO                                               ;MOTOCICLETA                   ;N;N
2;S;1;NAO FATAL;M;SIM;NÃO;22;03/04/1997;NAO INFORMADO                                               ;MOTOCICLETA                   ;N;N
2;S;3;NAO FATAL;M;SIM;NÃO;38;04/09/1981;VEICULOS MOTOR. COM ATE 8 PASSAGEIROS, PESO MAXIMO 3500 KG  ;AUTOMOVEL                     ;N;N
3;N;1;NAO FATAL      ;M;NÃO;NÃO;73;08/12/1946;                                                            ;                              ;S;N
1;S;1;NAO FATAL      ;M;SIM;NÃO;33;04/03/1986;HABILITADO NAS CATEGORIAS A  e B                            ;MOTOCICLETA                   ;N;N
2;S;3;NAO FATAL;M;SIM;NÃO;62;30/03/1957;HABILITADO NAS CATEGORIAS A e D                             ;AUTOMOVEL                     ;N;N
1;S;1;NAO FATAL      ;M;SIM;NÃO;24;07/03/1995;HABILITADO NAS CATEGORIAS A e D                             ;CAMINHAO                      ;N;N
2;S;3;NAO FATAL;M;SIM;NÃO;33;12/12/1986;HABILITADO NAS CATEGORIAS A e E                             ;CAMINHAO-TRATOR               ;N;N
1;S;1;NAO FATAL      ;M;SIM;NÃO;27;08/05/1992;HABILITADO NAS CATEGORIAS A  e B                            ;MOTOCICLETA                   ;N;N
1;S;1;NAO FATAL      ;M;SIM;NÃO;33;01/04/1986;HABILITADO NAS CATEGORIAS A e D                             ;MOTOCICLETA                   ;N;N
2;S;3;NAO FATAL;F;SIM;NÃO;49;17/07/1970;VEICULOS MOTOR. COM ATE 8 PASSAGEIROS, PESO MAXIMO 3500 KG  ;AUTOMOVEL                     ;N;N
3;N;1;NAO FATAL      ;M;NÃO;NÃO;44;24/11/1975;                                                            ;                              ;S;N
1;S;3;NAO FATAL;M;SIM;NÃO;41;24/09/1978;NAO INFORMADO                                               ;AUTOMOVEL                     ;N;N
2;S;1;NAO FATAL      ;M;SIM;NÃO;30;29/11/1989;NAO INFORMADO                                               ;MOTOCICLETA                   ;N;N
1;S;1;NAO FATAL      ;M;SIM;NÃO;30;13/08/1989;VEÍCULO MOTORIZ. DE 2 OU 3 RODAS, C/ OU S/ CARRO LATERAL    ;MOTOCICLETA                   ;N;N
2;S;3;NAO FATAL;M;SIM;NÃO;46;23/11/1973;HABILITADO NAS CATEGORIAS A  e B                            ;AUTOMOVEL                     ;N;N
1;S;3;NAO FATAL;M;SIM;NÃO;37;28/01/1983;VEIC. MOTOR. P/ TRANSP. DE PASSAG, C/ MAIS DE 8 PASSAGEIROS ;ONIBUS                        ;N;N
2;N;1;NAO FATAL      ;M;NÃO;NÃO;21;26/09/1998;                                                            ;                              ;S;N
1;S;3;NAO FATAL;M;SIM;NÃO;71;22/08/1948;INABILITADO                                                 ;AUTOMOVEL                     ;N;N
3;S;1;NAO FATAL      ;M;SIM;NÃO;22;28/03/1997;NAO INFORMADO                                               ;MOTOCICLETA                   ;N;N
1;S;3;NAO FATAL;M;SIM;NÃO;22;12/06/1997;HABILITADO NAS CATEGORIAS A  e B                            ;MOTOCICLETA                   ;N;N
2;N;1;NAO FATAL      ;M;NÃO;NÃO;12;20/06/2007;                                                            ;                              ;S;N
1;S;3;NAO FATAL;M;SIM;NÃO;56;31/03/1963;VEIC. MOTOR. P/ TRANSP. DE PASSAG, C/ MAIS DE 8 PASSAGEIROS ;ONIBUS                        ;N;N
2;S;3;NAO FATAL;M;SIM;NÃO;29;01/07/1990;HABILITADO NAS CATEGORIAS A  e B                            ;AUTOMOVEL                     ;N;N
3;N;1;NAO FATAL      ;F;SIM;NÃO;63;11/01/1957;                                                            ;ONIBUS                        ;N;S
4;N;1;NAO FATAL      ;F;SIM;NÃO;51;27/11/1968;                                                            ;ONIBUS                        ;N;S
1;S;3;NAO FATAL;M;SIM;NÃO;62;12/06/1957;HABILITADO NAS CATEGORIAS A e D                             ;AUTOMOVEL                     ;N;N
2;N;1;NAO FATAL      ;M;NÃO;NÃO;27;25/03/1992;                                                            ;                              ;S;N
1;N;1;NAO FATAL      ;M;NÃO;NÃO;43;15/07/1976;                                                            ;                              ;S;N
1;S;1;NAO FATAL      ;F;SIM;NÃO;31;15/12/1988;INABILITADO                                                 ;MOTOCICLETA                   ;N;N
2;S;3;NAO FATAL;M;SIM;NÃO;23;16/07/1996;HABILITADO NAS CATEGORIAS A  e B                            ;AUTOMOVEL                     ;N;N
1;S;1;NAO FATAL      ;M;SIM;NÃO;50;01/04/1969;INABILITADO                                                 ;MOTOCICLETA                   ;N;N
2;S;3;NAO FATAL;M;SIM;NÃO;48;07/12/1971;HABILITADO NAS CATEGORIAS A e D                             ;AUTOMOVEL                     ;N;N
1;S;3;NAO FATAL;M;SIM;NÃO;61;21/06/1958;VEICULOS MOTOR. COM ATE 8 PASSAGEIROS, PESO MAXIMO 3500 KG  ;AUTOMOVEL                     ;N;N
2;S;1;NAO FATAL      ;M;SIM;NÃO;32;24/04/1987;HABILITADO NAS CATEGORIAS A  e B                            ;MOTOCICLETA                   ;N;N
1;S;1;NAO FATAL      ;M;SIM;NÃO;20;08/12/1999;NAO INFORMADO                                               ;MOTOCICLETA                   ;N;N
1;S;3;NAO FATAL;M;SIM;NÃO;40;16/06/1979;VEICULOS MOTOR. COM ATE 8 PASSAGEIROS, PESO MAXIMO 3500 KG  ;AUTOMOVEL                     ;N;N
2;S;1;NAO FATAL      ;M;SIM;NÃO;30;15/07/1989;VEÍCULO MOTORIZ. DE 2 OU 3 RODAS, C/ OU S/ CARRO LATERAL    ;MOTOCICLETA                   ;N;N
1;S;3;NAO FATAL;F;SIM;NÃO;48;20/11/1971;VEICULOS MOTOR. COM ATE 8 PASSAGEIROS, PESO MAXIMO 3500 KG  ;AUTOMOVEL                     ;N;N
2;S;1;NAO FATAL      ;M;SIM;NÃO;23;09/09/1996;VEÍCULO MOTORIZ. DE 2 OU 3 RODAS, C/ OU S/ CARRO LATERAL    ;MOTOCICLETA                   ;N;N
1;S;3;NAO FATAL;M;SIM;NÃO;40;18/01/1980;VEICULOS MOTOR. COM ATE 8 PASSAGEIROS, PESO MAXIMO 3500 KG  ;AUTOMOVEL                     ;N;N
2;S;1;NAO FATAL      ;M;SIM;NÃO;38;06/10/1981;VEICULOS MOTOR. COM ATE 8 PASSAGEIROS, PESO MAXIMO 3500 KG  ;AUTOMOVEL                     ;N;N
1;S;3;NAO FATAL;M;SIM;NÃO;36;08/08/1983;HABILITADO NAS CATEGORIAS A  e B                            ;AUTOMOVEL                     ;N;N
2;S;1;NAO FATAL      ;M;SIM;NÃO;39;04/06/1980;HABILITADO NAS CATEGORIAS A  e B                            ;MOTOCICLETA                   ;N;N
1;S;3;NAO FATAL;M;SIM;NÃO;24;13/09/1995;HABILITADO NAS CATEGORIAS A  e B                            ;AUTOMOVEL                     ;N;N
2;S;3;NAO FATAL;M;SIM;NÃO;46;23/06/1973;VEICULOS MOTOR. COM ATE 8 PASSAGEIROS, PESO MAXIMO 3500 KG  ;AUTOMOVEL                     ;N;N
3;N;1;NAO FATAL      ;F;SIM;NÃO;24;05/01/1996;                                                            ;AUTOMOVEL                     ;N;S
1;S;3;NAO FATAL;M;SIM;NÃO;34;26/12/1985;HABILITADO NAS CATEGORIAS A  e B                            ;AUTOMOVEL                     ;N;N
2;S;1;NAO FATAL      ;M;SIM;NÃO;25;30/08/1994;VEÍCULO MOTORIZ. DE 2 OU 3 RODAS, C/ OU S/ CARRO LATERAL    ;MOTOCICLETA                   ;N;N
1;S;3;NAO FATAL;M;SIM;NÃO;28;28/12/1991;VEIC. MOTOR. P/ TRANSP. DE PASSAG, C/ MAIS DE 8 PASSAGEIROS ;ONIBUS                        ;N;N
2;N;1;NAO FATAL      ;F;NÃO;NÃO;60;26/10/1959;                                                            ;                              ;S;N
1;S;1;NAO FATAL      ;M;SIM;SIM;40;29/04/1979;VEIC. MOTOR. P/ TRANSP. DE PASSAG, C/ MAIS DE 8 PASSAGEIROS ;AUTOMOVEL                     ;N;N
1;S;1;NAO FATAL      ;M;SIM;NÃO;30;15/12/1989;NAO INFORMADO                                               ;MOTOCICLETA                   ;N;N
2;S;3;NAO FATAL;M;SIM;NÃO;41;31/01/1979;NAO INFORMADO                                               ;AUTOMOVEL                     ;N;N
1;S;1;NAO FATAL      ;M;SIM;NÃO;31;11/09/1988;NAO INFORMADO                                               ;MOTOCICLETA                   ;N;N
2;S;3;NAO FATAL;M;SIM;NÃO;23;14/11/1996;VEICULOS MOTOR. COM ATE 8 PASSAGEIROS, PESO MAXIMO 3500 KG  ;AUTOMOVEL                     ;N;N
1;S;3;NAO FATAL;M;SIM;NÃO;35;14/06/1984;HABILITADO NAS CATEGORIAS A e D                             ;ONIBUS                        ;N;N
2;S;1;NAO FATAL      ;M;SIM;NÃO;62;09/10/1957;HABILITADO NAS CATEGORIAS A  e B                            ;MOTOCICLETA                   ;N;N
1;S;1;NAO FATAL      ;M;SIM;NÃO;28;24/01/1992;HABILITADO NAS CATEGORIAS A  e B                            ;MOTOCICLETA                   ;N;N
2;S;3;NAO FATAL;M;SIM;NÃO;47;12/07/1972;HABILITADO NAS CATEGORIAS A e C                             ;CAMINHAO                      ;N;N
1;S;1;NAO FATAL      ;M;SIM;NÃO;50;28/04/1969;HABILITADO NAS CATEGORIAS A  e B                            ;MOTOCICLETA                   ;N;N
1;S;1;NAO FATAL      ;M;SIM;NÃO;23;14/11/1996;HABILITADO NAS CATEGORIAS A  e B                            ;MOTOCICLETA                   ;N;N
2;S;3;NAO FATAL;M;SIM;NÃO;43;24/09/1976;VEICULOS MOTOR. COM ATE 8 PASSAGEIROS, PESO MAXIMO 3500 KG  ;AUTOMOVEL                     ;N;N
1;S;1;NAO FATAL      ;M;SIM;NÃO;22;15/06/1997;HABILITADO NAS CATEGORIAS A  e B                            ;MOTOCICLETA                   ;N;N
1;N;1;NAO FATAL      ;F;NÃO;NÃO;58;26/03/1961;                                                            ;                              ;S;N
2;S;3;NAO FATAL;M;SIM;NÃO;61;11/01/1959;NAO INFORMADO                                               ;ONIBUS                        ;N;N
1;S;1;NAO FATAL      ;F;SIM;NÃO;25;25/06/1994;HABILITADO NAS CATEGORIAS A  e B                            ;MOTOCICLETA                   ;N;N
1;S;1;NAO FATAL      ;M;SIM;NÃO;32;25/03/1987;HABILITADO NAS CATEGORIAS A  e B                            ;MOTOCICLETA                   ;N;N
1;S;1;NAO FATAL      ;F;SIM;NÃO;24;15/03/1995;VEÍCULO MOTORIZ. DE 2 OU 3 RODAS, C/ OU S/ CARRO LATERAL    ;MOTOCICLETA                   ;N;N
1;S;1;NAO FATAL      ;M;SIM;NÃO;21;05/07/1998;VEÍCULO MOTORIZ. DE 2 OU 3 RODAS, C/ OU S/ CARRO LATERAL    ;MOTOCICLETA                   ;N;N
2;N;1;NAO FATAL      ;M;NÃO;NÃO;60;10/12/1959;                                                            ;                              ;S;N
1;S;1;NAO FATAL      ;M;SIM;NÃO;20;25/05/1999;HABILITADO NAS CATEGORIAS A  e B                            ;MOTOCICLETA                   ;N;N
2;S;3;NAO FATAL;M;SIM;NÃO;34;24/03/1985;INABILITADO                                                 ;CAMIONETA                     ;N;N
4;N;3;NAO FATAL;F;SIM;NÃO;36;28/05/1983;                                                            ;CAMIONETA                     ;N;S
1;S;3;NAO FATAL;M;SIM;NÃO;56;26/01/1964;HABILITADO NAS CATEGORIAS A  e B                            ;AUTOMOVEL                     ;N;N
2;S;1;NAO FATAL      ;M;SIM;NÃO;21;16/08/1998;VEÍCULO MOTORIZ. DE 2 OU 3 RODAS, C/ OU S/ CARRO LATERAL    ;MOTOCICLETA                   ;N;N
1;S;1;NAO FATAL      ;M;NÃO;NÃO;21;14/11/1998;NAO SE APLICA                                               ;BICICLETA                     ;N;N
2;S;3;NAO FATAL;M;SIM;NÃO;40;24/12/1979;NAO INFORMADO                                               ;AUTOMOVEL                     ;N;N
1;S;3;NAO FATAL;M;SIM;NÃO;39;01/03/1980;NAO INFORMADO                                               ;AUTOMOVEL                     ;N;N
2;S;1;NAO FATAL      ;M;SIM;NÃO;45;31/01/1975;VEICULOS MOTOR. COM ATE 8 PASSAGEIROS, PESO MAXIMO 3500 KG  ;CAMINHONETE                   ;N;N
1;S;1;NAO FATAL      ;M;NÃO;NÃO;7;00/00/0000;NAO SE APLICA                                               ;BICICLETA                     ;N;N
4;S;3;NAO FATAL;M;SIM;NÃO;39;20/03/1980;NAO INFORMADO                                               ;AUTOMOVEL                     ;N;N
1;S;1;NAO FATAL      ;M;SIM;NÃO;25;12/01/1995;INABILITADO                                                 ;MOTOCICLETA                   ;N;N
2;S;3;NAO FATAL;F;SIM;NÃO;30;14/05/1989;HABILITADO NAS CATEGORIAS A  e B                            ;AUTOMOVEL                     ;N;N
1;S;3;NAO FATAL;M;SIM;NÃO;75;10/07/1944;VEICULOS MOTOR. COM ATE 8 PASSAGEIROS, PESO MAXIMO 3500 KG  ;AUTOMOVEL                     ;N;N
2;S;1;NAO FATAL      ;M;SIM;NÃO;24;21/05/1995;NAO INFORMADO                                               ;MOTOCICLETA                   ;N;N
1;S;3;NAO FATAL;F;SIM;NÃO;34;29/06/1985;HABILITADO NAS CATEGORIAS A e D                             ;ONIBUS                        ;N;N
2;N;1;NAO FATAL      ;F;NÃO;NÃO;39;26/03/1980;                                                            ;                              ;S;N
1;S;1;NAO FATAL      ;M;SIM;NÃO;36;29/11/1983;VEIC. MOTOR. P/ TRANSP. DE PASSAG, C/ MAIS DE 8 PASSAGEIROS ;AUTOMOVEL                     ;N;N
2;N;1;NAO FATAL      ;M;SIM;NÃO;21;07/12/1998;                                                            ;AUTOMOVEL                     ;N;S
3;S;1;NAO FATAL      ;M;SIM;NÃO;36;17/01/1984;NAO INFORMADO                                               ;MOTOCICLETA                   ;N;N
1;S;1;NAO FATAL      ;M;SIM;NÃO;38;16/06/1981;NAO INFORMADO                                               ;MOTOCICLETA                   ;N;N
3;S;3;NAO FATAL;F;SIM;NÃO;22;18/03/1997;VEICULOS MOTOR. COM ATE 8 PASSAGEIROS, PESO MAXIMO 3500 KG  ;AUTOMOVEL                     ;N;N
1;S;1;NAO FATAL      ;M;SIM;NÃO;23;28/07/1996;VEICULOS MOTOR. COM ATE 8 PASSAGEIROS, PESO MAXIMO 3500 KG  ;MOTOCICLETA                   ;N;N
1;S;1;NAO FATAL      ;M;SIM;NÃO;21;18/11/1998;VEÍCULO MOTORIZ. DE 2 OU 3 RODAS, C/ OU S/ CARRO LATERAL    ;MOTOCICLETA                   ;N;N
2;S;1;NAO FATAL      ;M;NÃO;NÃO;24;10/01/1996;NAO SE APLICA                                               ;BICICLETA                     ;;
1;S;3;NAO FATAL;F;SIM;NÃO;58;30/12/1961;VEICULOS MOTOR. COM ATE 8 PASSAGEIROS, PESO MAXIMO 3500 KG  ;AUTOMOVEL                     ;N;N
2;S;1;NAO FATAL      ;M;SIM;NÃO;29;24/11/1990;INABILITADO                                                 ;MOTOCICLETA                   ;N;N
1;S;1;NAO FATAL      ;M;SIM;NÃO;20;29/12/1999;VEICULOS MOTOR. COM ATE 8 PASSAGEIROS, PESO MAXIMO 3500 KG  ;AUTOMOVEL                     ;N;N
2;N;1;NAO FATAL      ;F;SIM;NÃO;51;20/08/1968;                                                            ;AUTOMOVEL                     ;N;S
2;S;1;NAO FATAL      ;M;SIM;NÃO;39;10/03/1980;HABILITADO NAS CATEGORIAS A e D                             ;MOTOCICLETA                   ;N;N
3;S;3;NAO FATAL;M;SIM;NÃO;43;20/12/1976;NAO INFORMADO                                               ;AUTOMOVEL                     ;N;N
1;S;3;NAO FATAL;M;SIM;NÃO;67;21/06/1952;VEICULOS MOTOR. COM ATE 8 PASSAGEIROS, PESO MAXIMO 3500 KG  ;AUTOMOVEL                     ;N;N
2;S;1;NAO FATAL      ;M;SIM;NÃO;36;19/12/1983;HABILITADO NAS CATEGORIAS A  e B                            ;MOTOCICLETA                   ;N;N
1;S;3;NAO FATAL;M;SIM;NÃO;38;28/03/1981;HABILITADO NAS CATEGORIAS A  e B                            ;AUTOMOVEL                     ;N;N
2;S;1;NAO FATAL      ;M;SIM;NÃO;30;23/02/1990;HABILITADO NAS CATEGORIAS A  e B                            ;MOTOCICLETA                   ;N;N
1;S;1;NAO FATAL      ;M;SIM;NÃO;25;09/01/1995;VEICULOS MOTOR. COM ATE 8 PASSAGEIROS, PESO MAXIMO 3500 KG  ;MOTOCICLETA                   ;N;N
2;S;3;NAO FATAL;M;SIM;NÃO;22;15/12/1997;VEICULOS MOTOR. COM ATE 8 PASSAGEIROS, PESO MAXIMO 3500 KG  ;AUTOMOVEL                     ;N;N
3;S;3;NAO FATAL;M;SIM;NÃO;73;02/05/1946;HABILITADO NAS CATEGORIAS A e D                             ;AUTOMOVEL                     ;N;N
1;S;3;NAO FATAL;M;SIM;NÃO;24;22/09/1995;VEICULOS MOTOR. COM ATE 8 PASSAGEIROS, PESO MAXIMO 3500 KG  ;AUTOMOVEL                     ;N;N
2;S;1;NAO FATAL      ;M;SIM;NÃO;27;26/06/1992;NAO INFORMADO                                               ;MOTOCICLETA                   ;N;N
1;N;1;NAO FATAL      ;F;NÃO;NÃO;37;13/12/1982;                                                            ;                              ;S;N
2;S;3;NAO FATAL;F;SIM;NÃO;29;30/04/1990;NAO INFORMADO                                               ;AUTOMOVEL                     ;N;N
1;S;1;NAO FATAL      ;F;SIM;NÃO;24;13/09/1995;VEÍCULO MOTORIZ. DE 2 OU 3 RODAS, C/ OU S/ CARRO LATERAL    ;MOTOCICLETA                   ;N;N
1;S;3;NAO FATAL;F;SIM;NÃO;58;06/09/1961;VEICULOS MOTOR. COM ATE 8 PASSAGEIROS, PESO MAXIMO 3500 KG  ;AUTOMOVEL                     ;N;N
2;S;1;NAO FATAL      ;M;SIM;NÃO;21;26/07/1998;HABILITADO NAS CATEGORIAS A  e B                            ;MOTOCICLETA                   ;N;N
1;S;1;NAO FATAL      ;F;SIM;NÃO;30;05/12/1989;VEÍCULO MOTORIZ. DE 2 OU 3 RODAS, C/ OU S/ CARRO LATERAL    ;MOTOCICLETA                   ;N;N
1;S;3;NAO FATAL;F;SIM;NÃO;25;19/10/1994;VEICULOS MOTOR. COM ATE 8 PASSAGEIROS, PESO MAXIMO 3500 KG  ;AUTOMOVEL                     ;N;N
2;S;1;NAO FATAL      ;F;SIM;NÃO;41;01/02/1979;HABILITADO NAS CATEGORIAS A  e B                            ;MOTOCICLETA                   ;N;N
1;S;3;NAO FATAL;M;SIM;NÃO;40;29/07/1979;VEICULOS MOTOR. COM ATE 8 PASSAGEIROS, PESO MAXIMO 3500 KG  ;AUTOMOVEL                     ;N;N
2;S;3;NAO FATAL;M;SIM;NÃO;27;20/09/1992;HABILITADO NAS CATEGORIAS A  e B                            ;AUTOMOVEL                     ;N;N
3;N;1;NAO FATAL      ;M;SIM;NÃO;30;10/08/1989;                                                            ;AUTOMOVEL                     ;N;S
1;S;3;NAO FATAL;F;SIM;NÃO;50;08/05/1969;VEICULOS MOTOR. COM ATE 8 PASSAGEIROS, PESO MAXIMO 3500 KG  ;AUTOMOVEL                     ;N;N
2;S;1;NAO FATAL      ;F;SIM;NÃO;24;26/11/1995;NAO INFORMADO                                               ;MOTOCICLETA                   ;N;N
1;S;3;NAO FATAL;M;SIM;NÃO;28;16/03/1991;HABILITADO NAS CATEGORIAS A  e B                            ;AUTOMOVEL                     ;N;N
2;S;1;NAO FATAL      ;M;SIM;NÃO;35;22/05/1984;HABILITADO NAS CATEGORIAS A e E                             ;MOTOCICLETA                   ;N;N
1;S;3;NAO FATAL;M;SIM;NÃO;38;23/11/1981;VEICULOS MOTOR. COM ATE 8 PASSAGEIROS, PESO MAXIMO 3500 KG  ;AUTOMOVEL                     ;N;N
2;S;3;NAO FATAL;F;SIM;NÃO;29;08/02/1991;VEICULOS MOTOR. COM ATE 8 PASSAGEIROS, PESO MAXIMO 3500 KG  ;AUTOMOVEL                     ;N;N
3;S;1;NAO FATAL      ;M;SIM;NÃO;50;23/04/1969;HABILITADO NAS CATEGORIAS A e D                             ;MOTOCICLETA                   ;N;N
4;N;1;NAO FATAL      ;M;NÃO;NÃO;13;04/08/2006;                                                            ;                              ;S;N
1;S;3;NAO FATAL;M;SIM;NÃO;63;03/11/1956;VEÍCULO MOTORIZ. DE 2 OU 3 RODAS, C/ OU S/ CARRO LATERAL    ;AUTOMOVEL                     ;N;N
2;S;1;NAO FATAL      ;M;SIM;NÃO;20;14/06/1999;HABILITADO NAS CATEGORIAS A e D                             ;MOTOCICLETA                   ;N;N
1;S;3;NAO FATAL;M;SIM;NÃO;20;26/11/1999;VEICULOS MOTOR. COM ATE 8 PASSAGEIROS, PESO MAXIMO 3500 KG  ;AUTOMOVEL                     ;N;N
2;S;3;NAO FATAL;M;SIM;NÃO;49;29/11/1970;VEICULOS MOTOR. COM ATE 8 PASSAGEIROS, PESO MAXIMO 3500 KG  ;AUTOMOVEL                     ;N;N
3;S;1;NAO FATAL      ;M;SIM;NÃO;51;29/03/1968;VEÍCULO MOTORIZ. DE 2 OU 3 RODAS, C/ OU S/ CARRO LATERAL    ;MOTOCICLETA                   ;N;N
1;S;3;NAO FATAL;M;SIM;NÃO;39;20/05/1980;HABILITADO NAS CATEGORIAS A  e B                            ;MOTOCICLETA                   ;N;N
2;N;1;NAO FATAL      ;F;SIM;NÃO;41;22/12/1978;                                                            ;MOTOCICLETA                   ;N;S
3;S;1;NAO FATAL      ;M;NÃO;NÃO;16;19/03/2003;NAO INFORMADO                                               ;BICICLETA                     ;N;N
1;S;1;NAO FATAL      ;M;SIM;NÃO;32;24/06/1987;NAO INFORMADO                                               ;MOTOCICLETA                   ;N;N
1;S;3;NAO FATAL;F;SIM;NÃO;71;05/04/1948;VEICULOS MOTOR. COM ATE 8 PASSAGEIROS, PESO MAXIMO 3500 KG  ;AUTOMOVEL                     ;N;N
2;S;1;NAO FATAL      ;M;SIM;NÃO;31;23/08/1988;NAO INFORMADO                                               ;MOTOCICLETA                   ;N;N
1;S;1;NAO FATAL      ;M;SIM;NÃO;33;05/12/1986;HABILITADO NAS CATEGORIAS A  e B                            ;AUTOMOVEL                     ;N;N
1;S;1;NAO FATAL      ;M;SIM;NÃO;22;03/11/1997;HABILITADO NAS CATEGORIAS A  e B                            ;MOTOCICLETA                   ;N;N
1;S;1;NAO FATAL      ;M;SIM;NÃO;41;21/02/1979;NAO INFORMADO                                               ;MOTOCICLETA                   ;N;N
1;S;3;NAO FATAL;M;SIM;NÃO;37;28/05/1982;VEICULOS MOTOR. COM ATE 8 PASSAGEIROS, PESO MAXIMO 3500 KG  ;AUTOMOVEL                     ;N;N
2;S;1;NAO FATAL      ;M;SIM;NÃO;40;17/03/1979;HABILITADO NAS CATEGORIAS A  e B                            ;MOTOCICLETA                   ;N;N
1;S;1;NAO FATAL      ;M;SIM;NÃO;27;07/03/1993;HABILITADO NAS CATEGORIAS A  e B                            ;MOTOCICLETA                   ;N;N
2;S;3;NAO FATAL;M;SIM;NÃO;22;24/03/1997;VEICULOS MOTOR. COM ATE 8 PASSAGEIROS, PESO MAXIMO 3500 KG  ;AUTOMOVEL                     ;N;N
1;S;1;NAO FATAL      ;M;SIM;NÃO;25;10/05/1994;VEÍCULO MOTORIZ. DE 2 OU 3 RODAS, C/ OU S/ CARRO LATERAL    ;MOTOCICLETA                   ;N;N
2;S;3;NAO FATAL;M;SIM;NÃO;59;12/02/1961;VEIC. MOTOR. P/ TRANSP. DE PASSAG, C/ MAIS DE 8 PASSAGEIROS ;AUTOMOVEL                     ;N;N
3;N;1;NAO FATAL      ;F;SIM;NÃO;32;03/12/1987;                                                            ;MOTOCICLETA                   ;N;S
1;S;1;NAO FATAL      ;M;SIM;NÃO;34;16/06/1985;HABILITADO NAS CATEGORIAS A e D                             ;MOTOCICLETA                   ;N;N
2;S;3;NAO FATAL;M;SIM;NÃO;20;03/05/1999;VEICULOS MOTOR. COM ATE 8 PASSAGEIROS, PESO MAXIMO 3500 KG  ;AUTOMOVEL                     ;N;N
1;S;3;NAO FATAL;M;SIM;NÃO;41;16/10/1978;VEICULOS MOTOR. COM ATE 8 PASSAGEIROS, PESO MAXIMO 3500 KG  ;AUTOMOVEL                     ;N;N
2;S;1;NAO FATAL      ;M;SIM;NÃO;46;16/12/1973;HABILITADO NAS CATEGORIAS A  e B                            ;MOTOCICLETA                   ;N;N
1;S;1;NAO FATAL      ;M;SIM;NÃO;36;26/07/1983;HABILITADO NAS CATEGORIAS A e D                             ;MOTOCICLETA                   ;N;N
2;N;1;NAO FATAL      ;F;SIM;NÃO;31;15/04/1988;                                                            ;MOTOCICLETA                   ;N;S
1;N;1;NAO FATAL      ;M;SIM;SIM;38;05/11/1981;                                                            ;AUTOMOVEL                     ;N;S
2;S;1;NAO FATAL      ;M;SIM;SIM;36;31/07/1983;NAO INFORMADO                                               ;AUTOMOVEL                     ;N;N
1;S;1;NAO FATAL      ;M;SIM;NÃO;28;12/09/1991;HABILITADO NAS CATEGORIAS A  e B                            ;MOTOCICLETA                   ;N;N
2;S;3;NAO FATAL;M;SIM;NÃO;51;08/11/1968;VEICULOS MOTOR. COM ATE 8 PASSAGEIROS, PESO MAXIMO 3500 KG  ;AUTOMOVEL                     ;N;N
1;S;3;NAO FATAL;M;SIM;NÃO;34;12/08/1985;VEICULOS MOTOR. COM ATE 8 PASSAGEIROS, PESO MAXIMO 3500 KG  ;AUTOMOVEL                     ;N;N
2;S;1;NAO FATAL      ;M;SIM;NÃO;45;21/07/1983;NAO INFORMADO                                               ;MOTOCICLETA                   ;N;N
1;S;3;NAO FATAL;F;SIM;NÃO;38;31/01/1982;VEICULOS MOTOR. COM ATE 8 PASSAGEIROS, PESO MAXIMO 3500 KG  ;AUTOMOVEL                     ;N;N
2;S;3;NAO FATAL;M;SIM;NÃO;24;18/08/1995;NAO INFORMADO                                               ;MOTOCICLETA                   ;N;N
3;N;1;NAO FATAL      ;F;SIM;NÃO;16;14/06/2003;                                                            ;MOTOCICLETA                   ;N;S
1;S;1;NAO FATAL      ;M;SIM;NÃO;36;20/11/1983;HABILITADO NAS CATEGORIAS A  e B                            ;MOTOCICLETA                   ;N;N
2;S;3;NAO FATAL;M;SIM;NÃO;53;12/01/1967;VEICULOS MOTOR. COM ATE 8 PASSAGEIROS, PESO MAXIMO 3500 KG  ;AUTOMOVEL                     ;N;N
1;S;3;NAO FATAL;M;SIM;NÃO;33;22/04/1986;HABILITADO NAS CATEGORIAS A  e B                            ;AUTOMOVEL                     ;N;N
2;S;1;NAO FATAL      ;F;SIM;NÃO;48;29/11/1971;VEICULOS MOTOR. COM ATE 8 PASSAGEIROS, PESO MAXIMO 3500 KG  ;AUTOMOVEL                     ;N;N
1;S;3;NAO FATAL;M;SIM;NÃO;53;18/02/1967;HABILITADO NAS CATEGORIAS A e D                             ;MICROONIBUS                   ;N;N
2;N;1;NAO FATAL      ;F;SIM;NÃO;71;29/06/1948;                                                            ;MICROONIBUS                   ;N;S
1;S;3;NAO FATAL;F;SIM;NÃO;21;07/08/1998;VEICULOS MOTOR. COM ATE 8 PASSAGEIROS, PESO MAXIMO 3500 KG  ;AUTOMOVEL                     ;N;N
2;S;1;NAO FATAL      ;M;SIM;NÃO;67;15/11/1952;VEICULOS MOTOR. COM ATE 8 PASSAGEIROS, PESO MAXIMO 3500 KG  ;CAMINHONETE                   ;N;N
1;S;1;NAO FATAL      ;M;SIM;NÃO;22;04/05/1997;VEÍCULO MOTORIZ. DE 2 OU 3 RODAS, C/ OU S/ CARRO LATERAL    ;MOTOCICLETA                   ;N;N
3;N;1;NAO FATAL      ;F;NÃO;NÃO;9;19/03/2010;                                                            ;                              ;S;N
1;S;1;NAO FATAL      ;F;SIM;NÃO;36;05/09/1983;VEICULOS MOTOR. COM ATE 8 PASSAGEIROS, PESO MAXIMO 3500 KG  ;AUTOMOVEL                     ;N;N
1;S;3;NAO FATAL;M;SIM;NÃO;38;05/12/1981;VEIC. MOTOR. P/ TRANSP. DE PASSAG, C/ MAIS DE 8 PASSAGEIROS ;MICROONIBUS                   ;N;N
2;S;1;NAO FATAL      ;M;SIM;NÃO;48;08/05/1971;HABILITADO NAS CATEGORIAS A  e B                            ;MOTOCICLETA                   ;N;N
1;S;3;NAO FATAL;F;SIM;NÃO;53;01/10/1966;VEICULOS MOTOR. COM ATE 8 PASSAGEIROS, PESO MAXIMO 3500 KG  ;AUTOMOVEL                     ;N;N
2;S;1;NAO FATAL      ;M;SIM;NÃO;46;18/12/1973;VEÍCULO MOTORIZ. DE 2 OU 3 RODAS, C/ OU S/ CARRO LATERAL    ;MOTOCICLETA                   ;N;N
1;S;3;NAO FATAL;M;SIM;NÃO;33;23/06/1986;HABILITADO NAS CATEGORIAS A  e B                            ;AUTOMOVEL                     ;N;N
2;S;1;NAO FATAL      ;M;SIM;NÃO;31;25/10/1988;VEICULOS MOTOR. COM ATE 8 PASSAGEIROS, PESO MAXIMO 3500 KG  ;MOTOCICLETA                   ;N;N
3;N;1;NAO FATAL      ;M;SIM;NÃO;54;26/12/1965;                                                            ;MOTOCICLETA                   ;N;S
2;S;1;NAO FATAL      ;M;SIM;NÃO;26;30/05/1993;VEÍCULO MOTORIZ. DE 2 OU 3 RODAS, C/ OU S/ CARRO LATERAL    ;MOTOCICLETA                   ;N;N
1;S;1;NAO FATAL      ;F;SIM;NÃO;25;30/12/1994;HABILITADO NAS CATEGORIAS A  e B                            ;MOTOCICLETA                   ;N;N
2;S;3;NAO FATAL;M;SIM;NÃO;56;07/02/1964;NAO INFORMADO                                               ;AUTOMOVEL                     ;N;N
1;S;3;NAO FATAL;M;SIM;NÃO;45;13/07/1974;VEICULOS MOTOR. COM ATE 8 PASSAGEIROS, PESO MAXIMO 3500 KG  ;AUTOMOVEL                     ;N;N
2;N;1;NAO FATAL      ;F;NÃO;NÃO;36;31/05/1983;                                                            ;                              ;S;N
1;S;3;NAO FATAL;M;SIM;NÃO;36;28/10/1983;NAO INFORMADO                                               ;MOTOCICLETA                   ;N;N
2;S;1;NAO FATAL      ;M;NÃO;SIM;36;24/05/1983;NAO SE APLICA                                               ;BICICLETA                     ;;
1;S;3;NAO FATAL;M;SIM;NÃO;41;14/11/1978;VEICULOS MOTOR. COM ATE 8 PASSAGEIROS, PESO MAXIMO 3500 KG  ;AUTOMOVEL                     ;N;N
2;S;1;NAO FATAL      ;M;SIM;NÃO;18;23/04/2001;NAO INFORMADO                                               ;MOTOCICLETA                   ;N;N
1;S;1;NAO FATAL      ;M;SIM;NÃO;20;10/01/2000;HABILITADO NAS CATEGORIAS A  e B                            ;MOTOCICLETA                   ;N;N
1;S;1;NAO FATAL      ;M;SIM;NÃO;34;26/09/1985;HABILITADO NAS CATEGORIAS A  e B                            ;AUTOMOVEL                     ;N;N
2;S;3;NAO FATAL;M;SIM;NÃO;20;16/08/1999;VEÍCULO MOTORIZ. DE 2 OU 3 RODAS, C/ OU S/ CARRO LATERAL    ;MOTOCICLETA                   ;N;N
1;S;1;NAO FATAL      ;M;SIM;NÃO;21;14/08/1998;HABILITADO NAS CATEGORIAS A  e B                            ;MOTOCICLETA                   ;N;N
2;S;3;NAO FATAL;M;SIM;NÃO;59;10/05/1960;VEIC. MOTOR. P/ TRANSP. DE PASSAG, C/ MAIS DE 8 PASSAGEIROS ;CAMINHAO                      ;N;N
1;S;1;NAO FATAL      ;M;SIM;NÃO;34;08/03/1986;HABILITADO NAS CATEGORIAS A  e B                            ;MOTOCICLETA                   ;N;N
2;S;3;NAO FATAL;M;SIM;NÃO;59;23/11/1960;VEICULOS MOTOR. COM ATE 8 PASSAGEIROS, PESO MAXIMO 3500 KG  ;AUTOMOVEL                     ;N;N
1;S;1;NAO FATAL      ;M;SIM;NÃO;22;27/11/1997;VEÍCULO MOTORIZ. DE 2 OU 3 RODAS, C/ OU S/ CARRO LATERAL    ;MOTOCICLETA                   ;N;N
1;S;1;NAO FATAL      ;M;SIM;NÃO;35;12/05/1984;NAO INFORMADO                                               ;MOTOCICLETA                   ;N;N
2;S;3;NAO FATAL;M;SIM;NÃO;40;05/07/1979;VEICULOS MOTOR. COM ATE 8 PASSAGEIROS, PESO MAXIMO 3500 KG  ;AUTOMOVEL                     ;N;N
1;S;1;NAO FATAL      ;M;SIM;NÃO;41;26/05/1978;HABILITADO NAS CATEGORIAS A e D                             ;MOTOCICLETA                   ;N;N
2;S;1;NAO FATAL      ;M;SIM;NÃO;27;06/01/1993;NAO INFORMADO                                               ;MOTOCICLETA                   ;N;N
1;S;1;NAO FATAL      ;M;SIM;NÃO;22;06/06/1997;NAO INFORMADO                                               ;MOTOCICLETA                   ;N;N
2;S;3;NAO FATAL;M;SIM;NÃO;31;14/04/1988;NAO INFORMADO                                               ;AUTOMOVEL                     ;N;N
1;S;1;NAO FATAL      ;M;SIM;NÃO;21;16/01/1999;HABILITADO NAS CATEGORIAS A  e B                            ;MOTOCICLETA                   ;N;N
1;S;1;NAO FATAL      ;M;SIM;NÃO;32;10/04/1987;VEICULOS MOTOR. COM ATE 8 PASSAGEIROS, PESO MAXIMO 3500 KG  ;AUTOMOVEL                     ;N;N
1;S;1;NAO FATAL      ;M;SIM;NÃO;69;24/10/1950;VEÍCULO MOTORIZ. DE 2 OU 3 RODAS, C/ OU S/ CARRO LATERAL    ;MOTOCICLETA                   ;N;N
2;S;3;NAO FATAL;M;SIM;NÃO;58;24/01/1962;VEICULOS MOTOR. COM ATE 8 PASSAGEIROS, PESO MAXIMO 3500 KG  ;AUTOMOVEL                     ;N;N
1;S;1;NAO FATAL      ;M;SIM;NÃO;21;12/07/1998;HABILITADO NAS CATEGORIAS A  e B                            ;MOTOCICLETA                   ;N;N
2;S;3;NAO FATAL;M;SIM;NÃO;36;21/10/1983;VEICULOS MOTOR. COM ATE 8 PASSAGEIROS, PESO MAXIMO 3500 KG  ;AUTOMOVEL                     ;N;N
1;S;1;NAO FATAL      ;M;SIM;NÃO;24;28/03/1996;VEÍCULO MOTORIZ. DE 2 OU 3 RODAS, C/ OU S/ CARRO LATERAL    ;MOTOCICLETA                   ;N;N
2;S;3;NAO FATAL;F;SIM;NÃO;73;30/03/1946;VEICULOS MOTOR. COM ATE 8 PASSAGEIROS, PESO MAXIMO 3500 KG  ;AUTOMOVEL                     ;N;N
1;S;3;NAO FATAL;M;SIM;NÃO;27;14/06/1992;HABILITADO NAS CATEGORIAS A e D                             ;AUTOMOVEL                     ;N;N
2;S;1;NAO FATAL      ;M;SIM;NÃO;40;15/10/1979;HABILITADO NAS CATEGORIAS A  e B                            ;MOTOCICLETA                   ;N;N
1;S;1;NAO FATAL      ;M;SIM;NÃO;47;08/03/1973;VEÍCULO MOTORIZ. DE 2 OU 3 RODAS, C/ OU S/ CARRO LATERAL    ;MOTOCICLETA                   ;N;N
2;S;3;NAO FATAL;M;SIM;NÃO;22;14/02/1998;VEICULOS MOTOR. COM ATE 8 PASSAGEIROS, PESO MAXIMO 3500 KG  ;AUTOMOVEL                     ;N;N
1;S;1;NAO FATAL      ;M;SIM;NÃO;45;05/07/1974;HABILITADO NAS CATEGORIAS A  e B                            ;MOTOCICLETA                   ;N;N
6;S;3;NAO FATAL;M;SIM;SIM;48;04/01/1972;NAO INFORMADO                                               ;AUTOMOVEL                     ;N;N
1;S;3;NAO FATAL;M;SIM;NÃO;44;08/07/1975;NAO INFORMADO                                               ;AUTOMOVEL                     ;N;N
2;S;1;NAO FATAL      ;M;SIM;NÃO;21;26/06/1998;NAO INFORMADO                                               ;MOTOCICLETA                   ;N;N
1;S;1;NAO FATAL      ;M;SIM;NÃO;24;04/03/1996;HABILITADO NAS CATEGORIAS A  e B                            ;AUTOMOVEL                     ;N;N
2;S;3;NAO FATAL;M;SIM;NÃO;50;23/11/1969;VEIC. MOTOR. P/ TRANSP. DE PASSAG, C/ MAIS DE 8 PASSAGEIROS ;AUTOMOVEL                     ;N;N
1;S;1;NAO FATAL      ;M;SIM;NÃO;34;23/07/1985;HABILITADO NAS CATEGORIAS A  e B                            ;MOTOCICLETA                   ;N;N
1;N;1;NAO FATAL      ;M;NÃO;NÃO;48;17/07/1971;                                                            ;                              ;S;N
2;S;1;NAO FATAL      ;M;SIM;NÃO;20;22/12/1999;NAO INFORMADO                                               ;MOTOCICLETA                   ;N;N
1;S;3;NAO FATAL;M;SIM;NÃO;30;12/11/1989;VEICULOS MOTOR. COM ATE 8 PASSAGEIROS, PESO MAXIMO 3500 KG  ;AUTOMOVEL                     ;N;N
2;S;1;NAO FATAL      ;M;SIM;NÃO;26;30/09/1993;VEÍCULO MOTORIZ. DE 2 OU 3 RODAS, C/ OU S/ CARRO LATERAL    ;MOTOCICLETA                   ;N;N
1;S;3;NAO FATAL;M;SIM;NÃO;38;14/02/1982;HABILITADO NAS CATEGORIAS A e D                             ;CAMINHONETE                   ;N;N
2;S;1;NAO FATAL      ;M;SIM;NÃO;24;11/04/1995;VEÍCULO MOTORIZ. DE 2 OU 3 RODAS, C/ OU S/ CARRO LATERAL    ;MOTOCICLETA                   ;N;N
3;N;1;NAO FATAL      ;M;SIM;NÃO;28;10/01/1992;                                                            ;MOTOCICLETA                   ;N;S
1;S;3;NAO FATAL;M;SIM;NÃO;66;14/01/1954;INABILITADO                                                 ;AUTOMOVEL                     ;N;N
2;S;1;NAO FATAL      ;M;SIM;NÃO;29;03/06/1990;INABILITADO                                                 ;MOTOCICLETA                   ;N;N
3;N;1;NAO FATAL      ;F;SIM;NÃO;25;09/05/1994;                                                            ;MOTOCICLETA                   ;N;S
1;S;3;NAO FATAL;M;SIM;NÃO;63;23/08/1956;HABILITADO NAS CATEGORIAS A e D                             ;CAMIONETA                     ;N;N
2;S;1;NAO FATAL      ;M;SIM;NÃO;27;11/01/1993;NAO INFORMADO                                               ;MOTOCICLETA                   ;N;N
1;S;1;NAO FATAL      ;F;SIM;NÃO;34;12/01/1986;VEICULOS MOTOR. COM ATE 8 PASSAGEIROS, PESO MAXIMO 3500 KG  ;AUTOMOVEL                     ;N;N
2;S;3;NAO FATAL;F;SIM;NÃO;22;10/06/1997;VEICULOS MOTOR. COM ATE 8 PASSAGEIROS, PESO MAXIMO 3500 KG  ;AUTOMOVEL                     ;N;N
1;S;1;NAO FATAL      ;M;SIM;NÃO;21;16/08/1998;VEÍCULO MOTORIZ. DE 2 OU 3 RODAS, C/ OU S/ CARRO LATERAL    ;MOTOCICLETA                   ;N;N
2;S;1;NAO FATAL      ;M;SIM;NÃO;59;15/03/1961;HABILITADO NAS CATEGORIAS A e C                             ;MOTOCICLETA                   ;N;N
1;S;1;NAO FATAL      ;M;SIM;NÃO;21;26/06/1998;HABILITADO NAS CATEGORIAS A  e B                            ;AUTOMOVEL                     ;N;N
2;S;1;NAO FATAL      ;M;SIM;NÃO;22;22/11/1997;VEICULOS MOTOR. COM ATE 8 PASSAGEIROS, PESO MAXIMO 3500 KG  ;CAMIONETA                     ;N;N
1;S;1;NAO FATAL      ;F;SIM;NÃO;31;07/11/1988;HABILITADO NAS CATEGORIAS A  e B                            ;MOTOCICLETA                   ;N;N
2;S;3;NAO FATAL;F;SIM;NÃO;35;24/10/1984;VEICULOS MOTOR. COM ATE 8 PASSAGEIROS, PESO MAXIMO 3500 KG  ;AUTOMOVEL                     ;N;N
3;N;1;NAO FATAL      ;F;SIM;NÃO;25;26/06/1994;                                                            ;MOTOCICLETA                   ;N;S
1;S;1;NAO FATAL      ;M;SIM;NÃO;34;30/01/1986;VEÍCULO MOTORIZ. DE 2 OU 3 RODAS, C/ OU S/ CARRO LATERAL    ;MOTOCICLETA                   ;N;N
1;S;3;NAO FATAL;F;SIM;NÃO;22;24/11/1997;NAO INFORMADO                                               ;AUTOMOVEL                     ;N;N
2;S;1;NAO FATAL      ;F;SIM;NÃO;62;02/05/1957;NAO INFORMADO                                               ;AUTOMOVEL                     ;N;N
1;S;1;NAO FATAL      ;M;SIM;NÃO;21;14/01/1999;HABILITADO NAS CATEGORIAS A  e B                            ;CAMINHONETE                   ;N;N
1;S;1;NAO FATAL      ;M;SIM;NÃO;54;17/09/1965;HABILITADO NAS CATEGORIAS A e E                             ;REBOQUE E SEMI-REBOQUE        ;N;N
1;S;1;NAO FATAL      ;M;SIM;NÃO;25;06/10/1994;HABILITADO NAS CATEGORIAS A  e B                            ;MOTOCICLETA                   ;N;N
1;S;3;NAO FATAL;M;SIM;NÃO;44;19/09/1975;HABILITADO NAS CATEGORIAS A  e B                            ;CAMINHONETE                   ;N;N
2;S;1;NAO FATAL      ;F;SIM;NÃO;62;21/04/1957;VEICULOS MOTOR. COM ATE 8 PASSAGEIROS, PESO MAXIMO 3500 KG  ;AUTOMOVEL                     ;N;N
1;S;1;NAO FATAL      ;M;SIM;NÃO;24;20/05/1995;VEÍCULO MOTORIZ. DE 2 OU 3 RODAS, C/ OU S/ CARRO LATERAL    ;MOTOCICLETA                   ;N;N
1;S;1;NAO FATAL      ;M;SIM;NÃO;24;25/02/1996;VEÍCULO MOTORIZ. DE 2 OU 3 RODAS, C/ OU S/ CARRO LATERAL    ;MOTOCICLETA                   ;N;N
1;S;1;NAO FATAL      ;M;SIM;NÃO;58;10/11/1961;HABILITADO NAS CATEGORIAS A  e B                            ;MOTOCICLETA                   ;N;N
2;N;1;NAO FATAL      ;M;SIM;NÃO;18;21/03/2002;                                                            ;MOTOCICLETA                   ;N;S
1;S;1;NAO FATAL      ;M;SIM;NÃO;56;07/01/1964;HABILITADO NAS CATEGORIAS A  e B                            ;MOTOCICLETA                   ;N;N
2;S;3;NAO FATAL;M;SIM;NÃO;40;31/05/1979;NAO INFORMADO                                               ;AUTOMOVEL                     ;N;N
1;S;3;NAO FATAL;M;SIM;NÃO;49;28/06/1970;HABILITADO NAS CATEGORIAS A  e B                            ;AUTOMOVEL                     ;N;N
2;N;1;NAO FATAL      ;F;NÃO;NÃO;36;20/07/1983;                                                            ;                              ;S;N
1;S;3;NAO FATAL;M;SIM;NÃO;26;22/07/1993;HABILITADO NAS CATEGORIAS A e D                             ;CAMINHONETE                   ;N;N
2;S;1;NAO FATAL      ;M;SIM;NÃO;23;12/06/1996;NAO INFORMADO                                               ;MOTOCICLETA                   ;N;N
1;S;3;NAO FATAL;M;SIM;NÃO;26;07/10/1993;HABILITADO NAS CATEGORIAS A e D                             ;AUTOMOVEL                     ;N;N
2;S;3;NAO FATAL;M;SIM;NÃO;50;14/11/1969;HABILITADO NAS CATEGORIAS A  e B                            ;ONIBUS                        ;N;N
3;S;1;NAO FATAL      ;M;SIM;NÃO;28;07/11/1991;HABILITADO NAS CATEGORIAS A e D                             ;MOTOCICLETA                   ;N;N
1;S;1;NAO FATAL      ;M;SIM;NÃO;28;09/05/1991;HABILITADO NAS CATEGORIAS A  e B                            ;CAMIONETA                     ;N;N
2;S;3;NAO FATAL;M;SIM;NÃO;67;08/12/1952;VEIC. MOTOR. P/ TRANSP. DE CARGA, C/ PESO MAX. AUT. 3500 KG ;CAMIONETA                     ;N;N
3;S;3;NAO FATAL;M;SIM;NÃO;34;17/02/1985;HABILITADO NAS CATEGORIAS A  e B                            ;CAMIONETA                     ;N;N
1;S;3;NAO FATAL;M;SIM;NÃO;36;27/12/1983;VEIC. MOTOR. P/ TRANSP. DE PASSAG, C/ MAIS DE 8 PASSAGEIROS ;CAMINHAO                      ;N;N
2;S;1;NAO FATAL      ;M;SIM;SIM;51;20/03/1968;VEICULOS MOTOR. COM ATE 8 PASSAGEIROS, PESO MAXIMO 3500 KG  ;AUTOMOVEL                     ;N;N
1;S;3;NAO FATAL;M;SIM;NÃO;31;04/06/1988;NAO INFORMADO                                               ;CAMINHONETE                   ;N;N
2;S;1;NAO FATAL      ;M;SIM;NÃO;16;14/02/2003;HABILITADO NAS CATEGORIAS A  e B                            ;MOTOCICLETA                   ;N;N
1;N;3;NAO FATAL;M;SIM;NÃO;63;05/05/1956;                                                            ;AUTOMOVEL                     ;N;S
2;S;1;NAO FATAL      ;M;SIM;NÃO;35;22/12/1984;HABILITADO NAS CATEGORIAS A  e B                            ;MOTOCICLETA                   ;N;N
3;S;3;NAO FATAL;M;SIM;NÃO;25;28/05/1994;NAO INFORMADO                                               ;AUTOMOVEL                     ;N;N
4;N;1;NAO FATAL      ;F;SIM;NÃO;38;02/01/1982;                                                            ;MOTOCICLETA                   ;N;S
1;S;1;NAO FATAL      ;F;SIM;NÃO;43;13/01/1977;VEICULOS MOTOR. COM ATE 8 PASSAGEIROS, PESO MAXIMO 3500 KG  ;AUTOMOVEL                     ;N;N
2;S;1;NAO FATAL      ;F;SIM;NÃO;65;01/04/1954;VEICULOS MOTOR. COM ATE 8 PASSAGEIROS, PESO MAXIMO 3500 KG  ;AUTOMOVEL                     ;N;N
1;N;1;NAO FATAL      ;M;NÃO;NÃO;14;17/03/2005;                                                            ;                              ;S;N
2;S;3;NAO FATAL;M;SIM;NÃO;27;22/06/1992;NAO INFORMADO                                               ;AUTOMOVEL                     ;N;N
3;N;1;NAO FATAL      ;M;NÃO;NÃO;1;19/12/2018;                                                            ;                              ;S;N
1;S;1;NAO FATAL      ;M;SIM;NÃO;19;08/11/2000;HABILITADO NAS CATEGORIAS A  e B                            ;MOTOCICLETA                   ;N;N
2;S;1;NAO FATAL      ;M;SIM;NÃO;19;28/07/2000;VEÍCULO MOTORIZ. DE 2 OU 3 RODAS, C/ OU S/ CARRO LATERAL    ;MOTOCICLETA                   ;N;N
2;N;1;NAO FATAL      ;F;NÃO;NÃO;9;24/11/2010;                                                            ;                              ;S;N
1;S;3;NAO FATAL;M;SIM;NÃO;40;14/01/1980;VEICULOS MOTOR. COM ATE 8 PASSAGEIROS, PESO MAXIMO 3500 KG  ;AUTOMOVEL                     ;N;N
2;S;3;NAO FATAL;M;SIM;NÃO;40;22/10/1979;VEICULOS MOTOR. COM ATE 8 PASSAGEIROS, PESO MAXIMO 3500 KG  ;AUTOMOVEL                     ;N;N
3;S;1;NAO FATAL      ;M;SIM;NÃO;23;05/03/1996;HABILITADO NAS CATEGORIAS A  e B                            ;MOTOCICLETA                   ;N;N
1;S;3;NAO FATAL;M;SIM;NÃO;68;15/02/1951;VEIC. MOTOR. P/ TRANSP. DE CARGA, C/ PESO MAX. AUT. 3500 KG ;CAMINHAO                      ;N;N
2;S;1;NAO FATAL      ;F;SIM;NÃO;31;01/01/1989;VEÍCULO MOTORIZ. DE 2 OU 3 RODAS, C/ OU S/ CARRO LATERAL    ;MOTOCICLETA                   ;N;N
1;S;1;NAO FATAL      ;F;SIM;NÃO;49;28/09/1970;VEICULOS MOTOR. COM ATE 8 PASSAGEIROS, PESO MAXIMO 3500 KG  ;AUTOMOVEL                     ;N;N
1;S;1;NAO FATAL      ;M;SIM;NÃO;42;18/11/1977;VEICULOS MOTOR. COM ATE 8 PASSAGEIROS, PESO MAXIMO 3500 KG  ;MOTOCICLETA                   ;N;N
2;S;3;NAO FATAL;M;SIM;NÃO;24;06/03/1995;HABILITADO NAS CATEGORIAS A  e B                            ;AUTOMOVEL                     ;N;N
1;S;3;NAO FATAL;M;SIM;NÃO;43;06/06/1976;VEICULOS MOTOR. COM ATE 8 PASSAGEIROS, PESO MAXIMO 3500 KG  ;AUTOMOVEL                     ;N;N
2;S;3;NAO FATAL;M;SIM;NÃO;46;08/02/1974;HABILITADO NAS CATEGORIAS A  e B                            ;AUTOMOVEL                     ;N;N
3;N;1;NAO FATAL      ;F;NÃO;NÃO;37;29/05/1982;                                                            ;                              ;S;N
1;S;3;NAO FATAL;M;SIM;NÃO;37;21/07/1982;NAO INFORMADO                                               ;MOTONETA                      ;N;N
2;S;1;NAO FATAL      ;M;NÃO;NÃO;13;02/12/2006;NAO SE APLICA                                               ;BICICLETA                     ;N;N
1;N;1;NAO FATAL      ;M;SIM;NÃO;38;05/11/1981;                                                            ;ONIBUS                        ;N;S
2;S;3;NAO FATAL;M;SIM;NÃO;37;25/04/1982;NAO INFORMADO                                               ;ONIBUS                        ;N;N
1;S;1;NAO FATAL      ;M;SIM;NÃO;22;10/09/1997;HABILITADO NAS CATEGORIAS A  e B                            ;MOTOCICLETA                   ;N;N
2;N;1;NAO FATAL      ;F;SIM;NÃO;24;25/11/1995;                                                            ;MOTOCICLETA                   ;N;S
1;S;1;NAO FATAL      ;M;SIM;NÃO;27;29/01/1993;NAO INFORMADO                                               ;MOTOCICLETA                   ;N;N
1;N;2;FATAL          ;M;NÃO;NÃO;45;00/00/0000;                                                            ;                              ;S;N
2;N;1;NAO FATAL      ;M;NÃO;NÃO;24;23/01/1996;                                                            ;                              ;S;N
3;S;3;NAO FATAL;M;SIM;NÃO;58;08/08/1961;NAO INFORMADO                                               ;ONIBUS                        ;N;N
1;S;1;NAO FATAL      ;M;SIM;NÃO;20;23/02/1999;HABILITADO NAS CATEGORIAS A  e B                            ;MOTOCICLETA                   ;N;N
2;S;3;NAO FATAL;M;SIM;NÃO;36;08/02/1984;VEICULOS MOTOR. COM ATE 8 PASSAGEIROS, PESO MAXIMO 3500 KG  ;AUTOMOVEL                     ;N;N
1;S;1;NAO FATAL      ;M;SIM;NÃO;33;08/04/1986;VEICULOS MOTOR. COM ATE 8 PASSAGEIROS, PESO MAXIMO 3500 KG  ;MOTOCICLETA                   ;N;N
2;S;3;NAO FATAL;M;SIM;NÃO;22;13/11/1997;VEÍCULO MOTORIZ. DE 2 OU 3 RODAS, C/ OU S/ CARRO LATERAL    ;AUTOMOVEL                     ;N;N
1;S;3;NAO FATAL;M;SIM;NÃO;42;17/04/1977;VEICULOS MOTOR. COM ATE 8 PASSAGEIROS, PESO MAXIMO 3500 KG  ;AUTOMOVEL                     ;N;N
2;S;1;NAO FATAL      ;F;SIM;NÃO;24;05/07/1995;NAO INFORMADO                                               ;MOTOCICLETA                   ;N;N
1;S;1;NAO FATAL      ;M;SIM;NÃO;21;17/03/1998;VEÍCULO MOTORIZ. DE 2 OU 3 RODAS, C/ OU S/ CARRO LATERAL    ;MOTOCICLETA                   ;N;N
2;N;1;NAO FATAL      ;M;NÃO;SIM;32;19/08/1987;                                                            ;                              ;S;N
3;S;3;NAO FATAL;M;SIM;NÃO;40;18/10/1979;NAO INFORMADO                                               ;AUTOMOVEL                     ;N;N
1;S;3;NAO FATAL;F;SIM;NÃO;29;27/07/1990;VEICULOS MOTOR. COM ATE 8 PASSAGEIROS, PESO MAXIMO 3500 KG  ;AUTOMOVEL                     ;N;N
2;S;1;NAO FATAL      ;M;SIM;NÃO;37;29/03/1982;HABILITADO NAS CATEGORIAS A  e B                            ;MOTOCICLETA                   ;N;N
1;S;1;NAO FATAL      ;M;SIM;NÃO;24;28/07/1995;HABILITADO NAS CATEGORIAS A  e B                            ;MOTOCICLETA                   ;N;N
2;S;3;NAO FATAL;M;SIM;NÃO;35;08/05/1984;HABILITADO NAS CATEGORIAS A e E                             ;ONIBUS                        ;N;N
1;S;1;NAO FATAL      ;M;SIM;NÃO;24;18/10/1995;HABILITADO NAS CATEGORIAS A  e B                            ;MOTOCICLETA                   ;N;N
1;S;3;NAO FATAL;M;SIM;NÃO;35;30/03/1984;VEIC. MOTOR. P/ TRANSP. DE PASSAG, C/ MAIS DE 8 PASSAGEIROS ;ONIBUS                        ;N;N
2;S;3;NAO FATAL;M;SIM;NÃO;61;29/12/1958;VEIC. MOTOR. P/ TRANSP. DE PASSAG, C/ MAIS DE 8 PASSAGEIROS ;CAMINHAO                      ;N;N
3;S;3;NAO FATAL;M;SIM;NÃO;31;14/05/1988;VEIC. MOTOR. P/ TRANSP. DE PASSAG, C/ MAIS DE 8 PASSAGEIROS ;CAMINHAO                      ;N;N
4;N;1;NAO FATAL      ;M;SIM;NÃO;25;19/12/1994;                                                            ;CAMINHAO                      ;N;S
1;S;1;NAO FATAL      ;F;SIM;NÃO;27;07/05/1992;HABILITADO NAS CATEGORIAS A  e B                            ;MOTOCICLETA                   ;N;N
2;S;3;NAO FATAL;F;SIM;NÃO;28;04/11/1991;VEICULOS MOTOR. COM ATE 8 PASSAGEIROS, PESO MAXIMO 3500 KG  ;AUTOMOVEL                     ;N;N
1;S;1;NAO FATAL      ;M;SIM;NÃO;28;16/07/1991;HABILITADO NAS CATEGORIAS A  e B                            ;MOTOCICLETA                   ;N;N
2;S;3;NAO FATAL;F;SIM;NÃO;54;20/05/1965;VEICULOS MOTOR. COM ATE 8 PASSAGEIROS, PESO MAXIMO 3500 KG  ;AUTOMOVEL                     ;N;N
1;S;3;NAO FATAL;M;SIM;NÃO;20;01/04/1999;VEÍCULO MOTORIZ. DE 2 OU 3 RODAS, C/ OU S/ CARRO LATERAL    ;AUTOMOVEL                     ;N;N
2;S;1;NAO FATAL      ;M;SIM;NÃO;23;13/03/1996;VEICULOS MOTOR. COM ATE 8 PASSAGEIROS, PESO MAXIMO 3500 KG  ;MOTOCICLETA                   ;N;N
1;S;3;NAO FATAL;F;SIM;NÃO;46;23/11/1973;VEICULOS MOTOR. COM ATE 8 PASSAGEIROS, PESO MAXIMO 3500 KG  ;AUTOMOVEL                     ;N;N
2;S;1;NAO FATAL      ;M;SIM;NÃO;23;21/04/1996;VEÍCULO MOTORIZ. DE 2 OU 3 RODAS, C/ OU S/ CARRO LATERAL    ;MOTOCICLETA                   ;N;N
1;S;3;NAO FATAL;M;SIM;NÃO;25;07/06/1994;VEICULOS MOTOR. COM ATE 8 PASSAGEIROS, PESO MAXIMO 3500 KG  ;AUTOMOVEL                     ;N;N
2;S;1;NAO FATAL      ;M;SIM;NÃO;23;06/09/1996;VEÍCULO MOTORIZ. DE 2 OU 3 RODAS, C/ OU S/ CARRO LATERAL    ;MOTOCICLETA                   ;N;N
1;S;1;NAO FATAL      ;M;SIM;NÃO;38;05/08/1981;NAO INFORMADO                                               ;MOTOCICLETA                   ;N;N
2;N;1;NAO FATAL      ;F;SIM;NÃO;34;16/09/1985;                                                            ;AUTOMOVEL                     ;N;S
3;S;3;NAO FATAL;M;SIM;NÃO;29;07/10/1990;HABILITADO NAS CATEGORIAS A  e B                            ;AUTOMOVEL                     ;N;N
1;S;1;NAO FATAL      ;M;SIM;NÃO;23;22/02/1997;VEICULOS MOTOR. COM ATE 8 PASSAGEIROS, PESO MAXIMO 3500 KG  ;MOTOCICLETA                   ;N;N
2;S;3;NAO FATAL;M;SIM;NÃO;36;23/06/1983;VEÍCULO MOTORIZ. DE 2 OU 3 RODAS, C/ OU S/ CARRO LATERAL    ;AUTOMOVEL                     ;N;N
1;S;1;NAO FATAL      ;M;SIM;NÃO;25;09/02/1995;VEÍCULO MOTORIZ. DE 2 OU 3 RODAS, C/ OU S/ CARRO LATERAL    ;MOTOCICLETA                   ;N;N
1;S;3;NAO FATAL;M;SIM;NÃO;40;23/04/1979;VEICULOS MOTOR. COM ATE 8 PASSAGEIROS, PESO MAXIMO 3500 KG  ;AUTOMOVEL                     ;N;N
2;S;1;NAO FATAL      ;M;SIM;NÃO;19;23/08/2000;HABILITADO NAS CATEGORIAS A  e B                            ;MOTOCICLETA                   ;N;N
3;N;1;NAO FATAL      ;F;SIM;NÃO;30;27/01/1990;                                                            ;MOTOCICLETA                   ;N;S
1;N;1;NAO FATAL      ;M;SIM;NÃO;16;03/02/2004;                                                            ;MOTOCICLETA                   ;N;S
2;S;3;NAO FATAL;M;SIM;NÃO;37;16/08/1982;NAO INFORMADO                                               ;MOTOCICLETA                   ;N;N
3;S;3;NAO FATAL;M;SIM;NÃO;47;11/01/1973;HABILITADO NAS CATEGORIAS A  e B                            ;AUTOMOVEL                     ;N;N
1;S;1;NAO FATAL      ;M;SIM;NÃO;21;17/04/1998;HABILITADO NAS CATEGORIAS A  e B                            ;MOTOCICLETA                   ;N;N
2;S;3;NAO FATAL;F;SIM;NÃO;32;18/03/1987;VEICULOS MOTOR. COM ATE 8 PASSAGEIROS, PESO MAXIMO 3500 KG  ;AUTOMOVEL                     ;N;N
1;N;1;NAO FATAL      ;F;NÃO;NÃO;69;04/06/1950;                                                            ;                              ;S;N
2;S;3;NAO FATAL;M;SIM;NÃO;21;16/03/1998;NAO INFORMADO                                               ;AUTOMOVEL                     ;N;N
1;S;1;NAO FATAL      ;F;SIM;NÃO;23;03/02/1997;VEÍCULO MOTORIZ. DE 2 OU 3 RODAS, C/ OU S/ CARRO LATERAL    ;MOTOCICLETA                   ;N;N
1;N;1;NAO FATAL      ;M;NÃO;NÃO;22;10/06/1997;                                                            ;                              ;S;N
2;S;3;NAO FATAL;M;SIM;NÃO;63;02/03/1956;NAO INFORMADO                                               ;CAMINHAO                      ;N;N
1;S;3;NAO FATAL;F;SIM;NÃO;52;06/09/1967;HABILITADO NAS CATEGORIAS A  e B                            ;AUTOMOVEL                     ;N;N
2;N;1;NAO FATAL      ;F;NÃO;NÃO;58;11/05/1961;                                                            ;                              ;S;N
1;N;1;NAO FATAL      ;M;NÃO;NÃO;75;26/02/1945;                                                            ;ONIBUS                        ;N;S
2;S;3;NAO FATAL;M;SIM;NÃO;40;08/02/1980;NAO INFORMADO                                               ;ONIBUS                        ;N;N
1;S;3;NAO FATAL;M;SIM;NÃO;29;22/03/1990;HABILITADO NAS CATEGORIAS A  e B                            ;AUTOMOVEL                     ;N;N
2;S;1;NAO FATAL      ;M;SIM;NÃO;59;16/12/1960;HABILITADO NAS CATEGORIAS A e D                             ;MOTOCICLETA                   ;N;N
3;N;1;NAO FATAL      ;F;SIM;NÃO;47;31/07/1972;                                                            ;MOTOCICLETA                   ;N;S
1;S;1;NAO FATAL      ;M;SIM;NÃO;43;21/05/1976;HABILITADO NAS CATEGORIAS A  e B                            ;MOTOCICLETA                   ;N;N
2;S;3;NAO FATAL;M;SIM;NÃO;28;28/02/1991;VEICULOS MOTOR. COM ATE 8 PASSAGEIROS, PESO MAXIMO 3500 KG  ;AUTOMOVEL                     ;N;N
3;S;1;NAO FATAL      ;M;SIM;NÃO;22;08/08/1997;NAO INFORMADO                                               ;MOTOCICLETA                   ;N;N
1;S;3;NAO FATAL;M;SIM;NÃO;37;16/06/1982;HABILITADO NAS CATEGORIAS A  e B                            ;AUTOMOVEL                     ;N;N
2;S;3;NAO FATAL;M;SIM;NÃO;22;11/08/1997;VEICULOS MOTOR. COM ATE 8 PASSAGEIROS, PESO MAXIMO 3500 KG  ;AUTOMOVEL                     ;N;N
3;S;1;NAO FATAL      ;M;SIM;NÃO;45;04/04/1974;VEICULOS MOTOR. COM ATE 8 PASSAGEIROS, PESO MAXIMO 3500 KG  ;AUTOMOVEL                     ;N;N
1;S;1;NAO FATAL      ;M;SIM;NÃO;19;30/08/2000;HABILITADO NAS CATEGORIAS A  e B                            ;MOTOCICLETA                   ;N;N
2;S;3;NAO FATAL;M;SIM;NÃO;58;15/07/1961;VEICULOS MOTOR. COM ATE 8 PASSAGEIROS, PESO MAXIMO 3500 KG  ;AUTOMOVEL                     ;N;N
1;S;1;NAO FATAL      ;F;SIM;NÃO;29;30/04/1990;VEICULOS MOTOR. COM ATE 8 PASSAGEIROS, PESO MAXIMO 3500 KG  ;AUTOMOVEL                     ;N;N
2;S;3;NAO FATAL;M;SIM;NÃO;49;05/04/1970;VEICULOS MOTOR. COM ATE 8 PASSAGEIROS, PESO MAXIMO 3500 KG  ;CAMINHONETE                   ;N;N
1;S;1;NAO FATAL      ;M;SIM;NÃO;19;10/07/2000;VEÍCULO MOTORIZ. DE 2 OU 3 RODAS, C/ OU S/ CARRO LATERAL    ;MOTOCICLETA                   ;N;N
1;S;1;NAO FATAL      ;M;SIM;NÃO;34;13/08/1985;HABILITADO NAS CATEGORIAS A  e B                            ;MOTOCICLETA                   ;N;N
2;S;3;NAO FATAL;F;SIM;NÃO;25;08/11/1994;HABILITADO NAS CATEGORIAS A  e B                            ;AUTOMOVEL                     ;N;N
1;S;1;NAO FATAL      ;M;SIM;NÃO;24;13/02/1996;HABILITADO NAS CATEGORIAS A  e B                            ;MOTOCICLETA                   ;N;N
2;S;3;NAO FATAL;M;SIM;NÃO;52;07/12/1967;HABILITADO NAS CATEGORIAS A  e B                            ;AUTOMOVEL                     ;N;N
1;S;3;NAO FATAL;M;SIM;NÃO;21;15/04/1998;VEÍCULO MOTORIZ. DE 2 OU 3 RODAS, C/ OU S/ CARRO LATERAL    ;MOTOCICLETA                   ;N;N
2;N;1;NAO FATAL      ;F;NÃO;NÃO;70;20/05/1949;                                                            ;                              ;S;N
1;S;1;NAO FATAL      ;M;SIM;NÃO;30;04/12/1989;HABILITADO NAS CATEGORIAS A  e B                            ;MOTOCICLETA                   ;N;N
2;S;3;NAO FATAL;M;SIM;NÃO;22;14/09/1997;HABILITADO NAS CATEGORIAS A  e B                            ;AUTOMOVEL                     ;N;N
1;S;3;NAO FATAL;M;SIM;NÃO;50;26/03/1969;NAO INFORMADO                                               ;CAMINHONETE                   ;N;N
2;S;1;NAO FATAL      ;F;SIM;NÃO;51;10/02/1969;NAO INFORMADO                                               ;AUTOMOVEL                     ;N;N
1;S;1;NAO FATAL      ;M;SIM;NÃO;28;23/06/1991;NAO INFORMADO                                               ;MOTOCICLETA                   ;;
1;S;3;NAO FATAL;M;SIM;NÃO;53;25/07/1966;NAO INFORMADO                                               ;AUTOMOVEL                     ;N;N
2;S;1;NAO FATAL      ;M;SIM;NÃO;24;27/10/1995;NAO INFORMADO                                               ;MOTOCICLETA                   ;N;N
1;S;1;NAO FATAL      ;F;SIM;NÃO;34;14/12/1985;VEÍCULO MOTORIZ. DE 2 OU 3 RODAS, C/ OU S/ CARRO LATERAL    ;MOTOCICLETA                   ;N;N
1;S;3;NAO FATAL;F;SIM;NÃO;30;22/04/1989;VEICULOS MOTOR. COM ATE 8 PASSAGEIROS, PESO MAXIMO 3500 KG  ;AUTOMOVEL                     ;N;N
2;S;3;NAO FATAL;F;SIM;NÃO;54;25/01/1966;VEICULOS MOTOR. COM ATE 8 PASSAGEIROS, PESO MAXIMO 3500 KG  ;AUTOMOVEL                     ;N;N
3;S;1;NAO FATAL      ;F;SIM;NÃO;50;20/01/1970;VEICULOS MOTOR. COM ATE 8 PASSAGEIROS, PESO MAXIMO 3500 KG  ;CAMINHONETE                   ;N;N
1;S;3;NAO FATAL;M;SIM;NÃO;44;12/11/1975;HABILITADO NAS CATEGORIAS A e E                             ;MOTOCICLETA                   ;N;N
2;N;1;NAO FATAL      ;F;NÃO;NÃO;55;15/11/1964;                                                            ;                              ;S;N
1;S;3;NAO FATAL;M;SIM;NÃO;26;28/05/1993;HABILITADO NAS CATEGORIAS A  e B                            ;AUTOMOVEL                     ;N;N
2;S;1;NAO FATAL      ;F;SIM;NÃO;36;20/11/1983;HABILITADO NAS CATEGORIAS A  e B                            ;MOTOCICLETA                   ;N;N
3;N;1;NAO FATAL      ;F;SIM;NÃO;37;20/10/1982;                                                            ;MOTOCICLETA                   ;N;S
1;S;3;NAO FATAL;M;SIM;NÃO;49;14/09/1970;HABILITADO NAS CATEGORIAS A  e B                            ;CAMINHONETE                   ;N;N
2;S;1;NAO FATAL      ;M;SIM;NÃO;30;21/08/1989;VEÍCULO MOTORIZ. DE 2 OU 3 RODAS, C/ OU S/ CARRO LATERAL    ;MOTOCICLETA                   ;N;N
1;S;1;NAO FATAL      ;M;SIM;NÃO;48;12/04/1971;INABILITADO                                                 ;MOTOCICLETA                   ;N;N
2;S;3;NAO FATAL;M;SIM;NÃO;47;06/10/1972;HABILITADO NAS CATEGORIAS A e D                             ;AUTOMOVEL                     ;N;N
1;S;3;NAO FATAL;M;SIM;NÃO;58;03/09/1961;HABILITADO NAS CATEGORIAS A  e B                            ;AUTOMOVEL                     ;N;N
2;S;1;NAO FATAL      ;M;SIM;NÃO;20;24/05/1999;HABILITADO NAS CATEGORIAS A e C                             ;MOTOCICLETA                   ;N;N
1;S;1;NAO FATAL      ;M;SIM;NÃO;46;05/07/1973;HABILITADO NAS CATEGORIAS A  e B                            ;MOTOCICLETA                   ;N;N
2;S;3;NAO FATAL;M;SIM;NÃO;33;08/09/1986;VEICULOS MOTOR. COM ATE 8 PASSAGEIROS, PESO MAXIMO 3500 KG  ;AUTOMOVEL                     ;N;N
1;S;1;NAO FATAL      ;F;SIM;NÃO;32;26/02/1988;HABILITADO NAS CATEGORIAS A  e B                            ;MOTOCICLETA                   ;N;N
2;N;1;NAO FATAL      ;M;SIM;NÃO;36;08/06/1983;                                                            ;MOTOCICLETA                   ;N;S
1;S;3;NAO FATAL;M;SIM;NÃO;51;25/09/1968;VEICULOS MOTOR. COM ATE 8 PASSAGEIROS, PESO MAXIMO 3500 KG  ;AUTOMOVEL                     ;N;N
2;S;1;NAO FATAL      ;M;SIM;NÃO;21;18/02/1999;VEÍCULO MOTORIZ. DE 2 OU 3 RODAS, C/ OU S/ CARRO LATERAL    ;MOTOCICLETA                   ;N;N
1;S;1;NAO FATAL      ;M;SIM;NÃO;23;01/03/1996;VEICULOS MOTOR. COM ATE 8 PASSAGEIROS, PESO MAXIMO 3500 KG  ;AUTOMOVEL                     ;N;N
2;S;3;NAO FATAL;M;SIM;NÃO;39;06/08/1980;NAO INFORMADO                                               ;CAMINHAO                      ;N;N
1;S;1;NAO FATAL      ;M;SIM;NÃO;28;11/03/1991;HABILITADO NAS CATEGORIAS A  e B                            ;MOTOCICLETA                   ;N;N
2;S;3;NAO FATAL;M;SIM;NÃO;55;09/03/1964;HABILITADO NAS CATEGORIAS A e D                             ;AUTOMOVEL                     ;N;N
1;S;1;NAO FATAL      ;M;SIM;NÃO;37;17/11/1982;HABILITADO NAS CATEGORIAS A  e B                            ;MOTOCICLETA                   ;N;N
1;S;3;NAO FATAL;M;SIM;NÃO;37;31/12/1982;VEICULOS MOTOR. COM ATE 8 PASSAGEIROS, PESO MAXIMO 3500 KG  ;AUTOMOVEL                     ;N;N
6;S;3;NAO FATAL;M;SIM;SIM;60;13/11/1959;NAO INFORMADO                                               ;AUTOMOVEL                     ;N;N
1;S;3;NAO FATAL;M;SIM;NÃO;74;08/12/1945;VEICULOS MOTOR. COM ATE 8 PASSAGEIROS, PESO MAXIMO 3500 KG  ;AUTOMOVEL                     ;N;N
2;S;1;NAO FATAL      ;M;SIM;NÃO;37;18/12/1982;HABILITADO NAS CATEGORIAS A e D                             ;MOTOCICLETA                   ;N;N
1;S;1;NAO FATAL      ;F;SIM;NÃO;28;27/07/1991;HABILITADO NAS CATEGORIAS A  e B                            ;MOTOCICLETA                   ;N;N
2;S;3;NAO FATAL;M;SIM;NÃO;43;18/09/1976;HABILITADO NAS CATEGORIAS A  e B                            ;AUTOMOVEL                     ;N;N
1;S;3;NAO FATAL;M;SIM;NÃO;32;07/07/1987;HABILITADO NAS CATEGORIAS A e D                             ;AUTOMOVEL                     ;N;N
2;S;1;NAO FATAL      ;M;SIM;NÃO;58;01/01/1962;HABILITADO NAS CATEGORIAS A e D                             ;MOTOCICLETA                   ;N;N
1;S;3;NAO FATAL;M;SIM;NÃO;57;20/12/1962;VEICULOS MOTOR. COM ATE 8 PASSAGEIROS, PESO MAXIMO 3500 KG  ;AUTOMOVEL                     ;N;N
2;S;1;NAO FATAL      ;F;SIM;NÃO;33;16/07/1986;NAO INFORMADO                                               ;MOTOCICLETA                   ;N;N
1;S;3;NAO FATAL;M;SIM;NÃO;41;25/03/1978;VEÍCULO MOTORIZ. DE 2 OU 3 RODAS, C/ OU S/ CARRO LATERAL    ;AUTOMOVEL                     ;N;N
2;S;1;NAO FATAL      ;F;SIM;NÃO;39;26/01/1981;VEICULOS MOTOR. COM ATE 8 PASSAGEIROS, PESO MAXIMO 3500 KG  ;MOTOCICLETA                   ;N;N
1;S;1;NAO FATAL      ;M;SIM;NÃO;25;10/12/1994;VEÍCULO MOTORIZ. DE 2 OU 3 RODAS, C/ OU S/ CARRO LATERAL    ;MOTOCICLETA                   ;N;N
